{
  "priority-critical": {
    "color": "d73a4a",
    "description": "System down, data loss, security breach"
  },
  "priority-high": {
    "color": "ff8800",
    "description": "Major feature broken, significant user impact"
  },
  "priority-medium": {
    "color": "fbca04",
    "description": "Important but not urgent"
  },
  "priority-low": {
    "color": "0e8a16",
    "description": "Nice to have, minor improvements"
  },
  "type-bug": {
    "color": "d73a4a",
    "description": "Something isn't working"
  },
  "type-feature": {
    "color": "a2eeef",
    "description": "New feature or request"
  },
  "type-enhancement": {
    "color": "84b6eb",
    "description": "Improvement to existing feature"
  },
  "type-docs": {
    "color": "0075ca",
    "description": "Documentation work"
  },
  "type-security": {
    "color": "5319e7",
    "description": "Security-related"
  },
  "phase-1": {
    "color": "5319e7",
    "description": "Foundation & Infrastructure"
  },
  "phase-2": {
    "color": "c2e0c6",
    "description": "Critical/Core Functionality"
  },
  "phase-3": {
    "color": "bfdadc",
    "description": "High Priority & Optimization"
  },
  "phase-4": {
    "color": "fef2c0",
    "description": "UI & Enhanced Features"
  },
  "component-frontend": {
    "color": "1d76db",
    "description": "Frontend/UI related"
  },
  "component-backend": {
    "color": "0052cc",
    "description": "Backend/API related"
  },
  "component-database": {
    "color": "5319e7",
    "description": "Database related"
  },
  "component-infrastructure": {
    "color": "0e8a16",
    "description": "Infrastructure/DevOps"
  },
  "component-testing": {
    "color": "e99695",
    "description": "Testing related"
  },
  "observability": {
    "color": "c5def5",
    "description": "Metrics, logs, tracing"
  },
  "compliance": {
    "color": "a29bfe",
    "description": "Regulatory/GDPR/CCPA"
  },
  "cost": {
    "color": "f9d423",
    "description": "FinOps / Cost optimization"
  },
  "adr": {
    "color": "6f42c1",
    "description": "Architecture Decision Record"
  },
  "runbook": {
    "color": "2b8a3e",
    "description": "Operational runbook"
  }
}